subject_id,image_1,age_1,image_2,age_2,age_gap_years
048,subject_048\age_00.jpg,0,subject_048\age_54.jpg,54,54
062,subject_062\age_03.jpg,3,subject_062\age_54.jpg,54,51
039,subject_039\age_02.jpg,2,subject_039\age_52.jpg,52,50
047,subject_047\age_05.jpg,5,subject_047\age_55.jpg,55,50
006,subject_006\age_24.jpg,24,subject_006\age_69.jpg,69,45
045,subject_045\age_03.jpg,3,subject_045\age_48.jpg,48,45
071,subject_071\age_00.jpg,0,subject_071\age_45.jpg,45,45
004,subject_004\age_19.jpg,19,subject_004\age_63.jpg,63,44
007,subject_007\age_01.jpg,1,subject_007\age_45.jpg,45,44
013,subject_013\age_00.jpg,0,subject_013\age_44.jpg,44,44
003,subject_003\age_18.jpg,18,subject_003\age_61.jpg,61,43
005,subject_005\age_18.jpg,18,subject_005\age_61.jpg,61,43
072,subject_072\age_02.jpg,2,subject_072\age_45.jpg,45,43
033,subject_033\age_02.jpg,2,subject_033\age_44.jpg,44,42
034,subject_034\age_02.jpg,2,subject_034\age_44.jpg,44,42
001,subject_001\age_02.jpg,2,subject_001\age_43.jpg,43,41
011,subject_011\age_02.jpg,2,subject_011\age_42.jpg,42,40
014,subject_014\age_03.jpg,3,subject_014\age_42.jpg,42,39
025,subject_025\age_00.jpg,0,subject_025\age_39.jpg,39,39
027,subject_027\age_02.jpg,2,subject_027\age_41.jpg,41,39
008,subject_008\age_03.jpg,3,subject_008\age_41.jpg,41,38
017,subject_017\age_05.jpg,5,subject_017\age_42.jpg,42,37
021,subject_021\age_03.jpg,3,subject_021\age_39.jpg,39,36
002,subject_002\age_03.jpg,3,subject_002\age_38.jpg,38,35
067,subject_067\age_04.jpg,4,subject_067\age_39.jpg,39,35
020,subject_020\age_02.jpg,2,subject_020\age_36.jpg,36,34
032,subject_032\age_06.jpg,6,subject_032\age_40.jpg,40,34
038,subject_038\age_00.jpg,0,subject_038\age_34.jpg,34,34
063,subject_063\age_00.jpg,0,subject_063\age_33.jpg,33,33
012,subject_012\age_04.jpg,4,subject_012\age_36.jpg,36,32
028,subject_028\age_14.jpg,14,subject_028\age_46.jpg,46,32
029,subject_029\age_01.jpg,1,subject_029\age_33.jpg,33,32
082,subject_082\age_00.jpg,0,subject_082\age_31.jpg,31,31
018,subject_018\age_06.jpg,6,subject_018\age_36.jpg,36,30
019,subject_019\age_00.jpg,0,subject_019\age_30.jpg,30,30
022,subject_022\age_00.jpg,0,subject_022\age_30.jpg,30,30
024,subject_024\age_00.jpg,0,subject_024\age_30.jpg,30,30
023,subject_023\age_00.jpg,0,subject_023\age_29.jpg,29,29
042,subject_042\age_00.jpg,0,subject_042\age_28.jpg,28,28
061,subject_061\age_04.jpg,4,subject_061\age_32.jpg,32,28
043,subject_043\age_00.jpg,0,subject_043\age_27.jpg,27,27
030,subject_030\age_00.jpg,0,subject_030\age_26.jpg,26,26
057,subject_057\age_00.jpg,0,subject_057\age_25.jpg,25,25
041,subject_041\age_00.jpg,0,subject_041\age_24.jpg,24,24
044,subject_044\age_01.jpg,1,subject_044\age_25.jpg,25,24
051,subject_051\age_00.jpg,0,subject_051\age_24.jpg,24,24
035,subject_035\age_00.jpg,0,subject_035\age_23.jpg,23,23
009,subject_009\age_00.jpg,0,subject_009\age_22.jpg,22,22
050,subject_050\age_00.jpg,0,subject_050\age_22.jpg,22,22
040,subject_040\age_00.jpg,0,subject_040\age_21.jpg,21,21
036,subject_036\age_00.jpg,0,subject_036\age_20.jpg,20,20
046,subject_046\age_00.jpg,0,subject_046\age_20.jpg,20,20
015,subject_015\age_00.jpg,0,subject_015\age_19.jpg,19,19
026,subject_026\age_00.jpg,0,subject_026\age_19.jpg,19,19
031,subject_031\age_00.jpg,0,subject_031\age_19.jpg,19,19
037,subject_037\age_00.jpg,0,subject_037\age_19.jpg,19,19
054,subject_054\age_00.jpg,0,subject_054\age_19.jpg,19,19
055,subject_055\age_04.jpg,4,subject_055\age_23.jpg,23,19
016,subject_016\age_01.jpg,1,subject_016\age_19.jpg,19,18
052,subject_052\age_02.jpg,2,subject_052\age_20.jpg,20,18
053,subject_053\age_00.jpg,0,subject_053\age_18.jpg,18,18
060,subject_060\age_02.jpg,2,subject_060\age_20.jpg,20,18
064,subject_064\age_01.jpg,1,subject_064\age_19.jpg,19,18
010,subject_010\age_01.jpg,1,subject_010\age_18.jpg,18,17
058,subject_058\age_00.jpg,0,subject_058\age_17.jpg,17,17
076,subject_076\age_00.jpg,0,subject_076\age_17.jpg,17,17
073,subject_073\age_00.jpg,0,subject_073\age_16.jpg,16,16
077,subject_077\age_00.jpg,0,subject_077\age_16.jpg,16,16
074,subject_074\age_00.jpg,0,subject_074\age_15.jpg,15,15
078,subject_078\age_00.jpg,0,subject_078\age_15.jpg,15,15
056,subject_056\age_01.jpg,1,subject_056\age_15.jpg,15,14
059,subject_059\age_02.jpg,2,subject_059\age_16.jpg,16,14
068,subject_068\age_00.jpg,0,subject_068\age_14.jpg,14,14
070,subject_070\age_00.jpg,0,subject_070\age_14.jpg,14,14
080,subject_080\age_00.jpg,0,subject_080\age_14.jpg,14,14
049,subject_049\age_04.jpg,4,subject_049\age_17.jpg,17,13
069,subject_069\age_00.jpg,0,subject_069\age_13.jpg,13,13
079,subject_079\age_00.jpg,0,subject_079\age_13.jpg,13,13
081,subject_081\age_00.jpg,0,subject_081\age_12.jpg,12,12
065,subject_065\age_02.jpg,2,subject_065\age_13.jpg,13,11
066,subject_066\age_00.jpg,0,subject_066\age_11.jpg,11,11
075,subject_075\age_00.jpg,0,subject_075\age_11.jpg,11,11
